capacity,hits,precision,recall,lift,detected_value
50,14,0.28,0.004266991770801585,61.512953367875646,59658316098.40999
100,20,0.2,0.00609570252971655,43.93782383419689,96146052455.23909
250,32,0.128,0.009753124047546479,28.120207253886008,152970649124.89456
500,39,0.078,0.011886619932947273,17.135751295336785,157724631410.49316
1000,50,0.05,0.015239256324291375,10.984455958549223,158201293426.05328
